"時間戳","講者","對話"
"2025-04-13 10:00:00","面試官","你好，謝謝今天抽空參加面試。請你簡單介紹一下自己。"
"2025-04-13 10:00:15","候選人","當然！我叫 Alex，目前是 XYZ 大學的計算機科學專業學生。我有一些 Python 和 JavaScript 的實作經驗，並且非常期待能將學到的知識應用於真實的問題中。"
"2025-04-13 10:01:00","面試官","聽起來很不錯！你能分享一個你特別驕傲的項目嗎？"
"2025-04-13 10:01:20","候選人","當然可以！上學期我做了一個幫助學生追蹤學習習慣的網絡應用。這個應用是用 Flask 開發的，並且使用 MySQL 數據庫來存儲數據。我還集成了一個 API 來為用戶提供每日學習建議。"
"2025-04-13 10:02:00","面試官","聽起來你在網頁開發方面有不錯的經驗。當你的代碼出現問題時，你通常怎麼進行調試？"
"2025-04-13 10:02:20","候選人","我通常從檢查錯誤信息開始。如果那樣還無法解決問題，我會使用打印語句或日誌來縮小問題範圍。我還喜歡在線查找類似的問題，Stack Overflow 是我經常使用的資源。"
"2025-04-13 10:03:00","面試官","這是一個很好的方法。那麼，假設你需要快速學習一個新的技術，你會如何開始呢？"
"2025-04-13 10:03:20","候選人","我會先從閱讀官方文檔開始，理解基礎概念。接著，我會找一些簡單的範例來實作，這樣能幫助我更快地理解技術的運作方式。"
"2025-04-13 10:04:00","面試官","很好！最後，你對於加入我們團隊並擔任實習生有什麼期待嗎？"
"2025-04-13 10:04:20","候選人","我希望能有機會學習如何在實際項目中應用所學的技術，並且能夠參與到團隊合作中。對我來說，這不僅是學習的過程，還是一個提升自我的機會。"
"2025-04-13 10:05:00","面試官","非常感謝你的分享，這樣我們的面試就結束了。你有什麼問題想問我們嗎？"
"2025-04-13 10:05:20","候選人","我想了解一下貴公司對於實習生的培訓計劃是什麼樣的？"
"2025-04-13 10:06:00","面試官","我們有一個完整的實習生培訓計劃，包括技術培訓和項目實踐，讓你能夠迅速融入團隊並學到實際技能。"
"2025-04-13 10:06:20","候選人","聽起來非常有挑戰性，我期待能夠成為其中的一部分！"
"2025-04-13 10:06:40","面試官","我們也期待你的加入！再次感謝你的參與，稍後我們會聯繫你。"
"2025-04-13 10:07:00","候選人","謝謝您，期待收到消息！"
